Full Name, E-mail Address ,Company / Org,Phone #,Title,Country,Notes
Priya Raman,priya@northwind.com,Northwind,(415) 555-0101,VP Sales,United States,Asked about Q1 pilot
  marcus lee,MARCUS.LEE@ACME.COM,Acme Corp,+44 20 7946 0958,Head of Operations,UK,
Lena Fischer,lena@kestrel-labs.io,Kestrel Labs,+49 30 901820,CTO,Germany,Wants API docs
Dana Okafor,dana@helixbio.com,Helix Bio,617.555.0144,Director R&D,USA,
Tom Becker ,tom.becker@orbitalfreight.com,Orbital Freight,+31 20 555 0199,Logistics Lead,Netherlands,Visited booth twice
Lena Fischer,Lena@Kestrel-Labs.io,Kestrel Labs,+49 30 901820,CTO,Germany,
Ben Ortiz,ben.ortiz@gmail.com,Quarry Data,(415) 555-0119,Data Engineering Manager,US,personal email on badge scan
Hannah Cole,Hannah@Fieldstone.dev,Fieldstone,212-555-0177,Founder,US,
Sam Ito,sam@lumen.io,Lumen,,Solutions Architect,,Badge says "Lumen"
Omar Haddad,omar@brightline.co,Brightline,312 555 0150,Head of RevOps, United States ,
Jo Park,,,+1 415 555 0182,,US,Phone only - no card
Grace Wu,grace.wu@tallgrass.com,Tallgrass,+44 161 555 0133,COO,United Kingdom,
